datetime,currency,impact,title,source,url
2026-01-26 03:00,AUD,Holiday,Bank Holiday,this,https://www.forexfactory.com/calendar/394-au-bank-holiday
2026-01-26 15:00,EUR,Medium,German ifo Business Climate,this,https://www.forexfactory.com/calendar/316-ge-ifo-business-climate
2026-01-26 17:00,EUR,Low,German Buba President Nagel Speaks,this,https://www.forexfactory.com/calendar/851-ge-buba-president-nagel-speaks
2026-01-26 19:30,EUR,Low,German Buba President Nagel Speaks,this,https://www.forexfactory.com/calendar/851-ge-buba-president-nagel-speaks
2026-01-26 19:30,USD,Medium,Core Durable Goods Orders m/m,this,https://www.forexfactory.com/calendar/350-us-core-durable-goods-orders-mm
2026-01-26 19:30,USD,Medium,Durable Goods Orders m/m,this,https://www.forexfactory.com/calendar/349-us-durable-goods-orders-mm
2026-01-26 20:00,EUR,Low,Belgian NBB Business Climate,this,https://www.forexfactory.com/calendar/317-be-nbb-business-climate
2026-01-27 05:50,JPY,Low,SPPI y/y,this,https://www.forexfactory.com/calendar/176-jn-sppi-yy
2026-01-27 06:01,GBP,Low,BRC Shop Price Index y/y,this,https://www.forexfactory.com/calendar/116-uk-brc-shop-price-index-yy
2026-01-27 06:30,AUD,Low,NAB Business Confidence,this,https://www.forexfactory.com/calendar/323-au-nab-business-confidence
2026-01-27 08:00,NZD,Low,Credit Card Spending y/y,this,https://www.forexfactory.com/calendar/184-nz-credit-card-spending-yy
2026-01-27 11:00,JPY,Low,BOJ Core CPI y/y,this,https://www.forexfactory.com/calendar/631-jn-boj-core-cpi-yy
2026-01-27 14:00,EUR,Low,Spanish Unemployment Rate,this,https://www.forexfactory.com/calendar/559-sp-unemployment-rate
2026-01-27 19:20,USD,Low,ADP Weekly Employment Change,this,https://www.forexfactory.com/calendar/929-us-adp-weekly-employment-change
2026-01-27 19:30,USD,Medium,President Trump Speaks,this,https://www.forexfactory.com/calendar/645-us-president-trump-speaks
2026-01-27 20:00,USD,Low,HPI m/m,this,https://www.forexfactory.com/calendar/239-us-hpi-mm
2026-01-27 20:00,USD,Low,S&P/CS Composite-20 HPI y/y,this,https://www.forexfactory.com/calendar/240-us-spcs-composite-20-hpi-yy
2026-01-27 21:00,USD,Medium,CB Consumer Confidence,this,https://www.forexfactory.com/calendar/208-us-cb-consumer-confidence
2026-01-27 21:00,USD,Medium,Richmond Manufacturing Index,this,https://www.forexfactory.com/calendar/186-us-richmond-manufacturing-index
2026-01-27 23:00,EUR,Low,German Buba President Nagel Speaks,this,https://www.forexfactory.com/calendar/851-ge-buba-president-nagel-speaks
2026-01-28 03:30,USD,Low,API Weekly Statistical Bulletin,this,https://www.forexfactory.com/calendar/754-us-api-weekly-statistical-bulletin
2026-01-28 05:50,JPY,Low,Monetary Policy Meeting Minutes,this,https://www.forexfactory.com/calendar/306-jn-monetary-policy-meeting-minutes
2026-01-28 06:30,AUD,High,CPI m/m,this,https://www.forexfactory.com/calendar/98-au-cpi-mm
2026-01-28 06:30,AUD,High,CPI y/y,this,https://www.forexfactory.com/calendar/888-au-cpi-yy
2026-01-28 06:30,AUD,High,Trimmed Mean CPI m/m,this,https://www.forexfactory.com/calendar/99-au-trimmed-mean-cpi-mm
2026-01-28 13:00,EUR,Low,German GfK Consumer Climate,this,https://www.forexfactory.com/calendar/335-ge-gfk-consumer-climate
2026-01-28 15:00,CHF,Low,UBS Economic Expectations,this,https://www.forexfactory.com/calendar/315-sz-ubs-economic-expectations
2026-01-28 16:42,EUR,Low,German 10-y Bond Auction,this,https://www.forexfactory.com/calendar/522-ge-10-y-bond-auction
2026-01-28 20:00,CNY,Low,CB Leading Index m/m,this,https://www.forexfactory.com/calendar/495-ch-cb-leading-index-mm
2026-01-28 20:45,CAD,High,BOC Monetary Policy Report,this,https://www.forexfactory.com/calendar/414-ca-boc-monetary-policy-report
2026-01-28 20:45,CAD,High,BOC Rate Statement,this,https://www.forexfactory.com/calendar/14-ca-boc-rate-statement
2026-01-28 20:45,CAD,High,Overnight Rate,this,https://www.forexfactory.com/calendar/13-ca-overnight-rate
2026-01-28 21:30,CAD,High,BOC Press Conference,this,https://www.forexfactory.com/calendar/471-ca-boc-press-conference
2026-01-28 21:30,USD,Low,Crude Oil Inventories,this,https://www.forexfactory.com/calendar/10-us-crude-oil-inventories
2026-01-29 01:00,USD,High,Federal Funds Rate,this,https://www.forexfactory.com/calendar/1-us-federal-funds-rate
2026-01-29 01:00,USD,High,FOMC Statement,this,https://www.forexfactory.com/calendar/4-us-fomc-statement
2026-01-29 01:30,USD,High,FOMC Press Conference,this,https://www.forexfactory.com/calendar/512-us-fomc-press-conference
2026-01-29 03:45,NZD,Low,Trade Balance,this,https://www.forexfactory.com/calendar/121-nz-trade-balance
2026-01-29 06:00,NZD,Low,ANZ Business Confidence,this,https://www.forexfactory.com/calendar/319-nz-anz-business-confidence
2026-01-29 06:30,AUD,Low,Import Prices q/q,this,https://www.forexfactory.com/calendar/258-au-import-prices-qq
2026-01-29 11:00,JPY,Low,Consumer Confidence,this,https://www.forexfactory.com/calendar/212-jn-consumer-confidence
2026-01-29 13:00,CHF,Low,Trade Balance,this,https://www.forexfactory.com/calendar/124-sz-trade-balance
2026-01-29 15:00,EUR,Low,M3 Money Supply y/y,this,https://www.forexfactory.com/calendar/375-ez-m3-money-supply-yy
2026-01-29 15:00,EUR,Low,Private Loans y/y,this,https://www.forexfactory.com/calendar/365-ez-private-loans-yy
2026-01-29 16:33,EUR,Low,Italian 10-y Bond Auction,this,https://www.forexfactory.com/calendar/524-it-10-y-bond-auction
2026-01-29 19:30,CAD,Low,Trade Balance,this,https://www.forexfactory.com/calendar/118-ca-trade-balance
2026-01-29 19:30,USD,High,Unemployment Claims,this,https://www.forexfactory.com/calendar/11-us-unemployment-claims
2026-01-29 19:30,USD,Low,Revised Nonfarm Productivity q/q,this,https://www.forexfactory.com/calendar/156-us-revised-nonfarm-productivity-qq
2026-01-29 19:30,USD,Low,Revised Unit Labor Costs q/q,this,https://www.forexfactory.com/calendar/178-us-revised-unit-labor-costs-qq
2026-01-29 19:30,USD,Low,Trade Balance,this,https://www.forexfactory.com/calendar/117-us-trade-balance
2026-01-29 21:00,USD,Low,Factory Orders m/m,this,https://www.forexfactory.com/calendar/351-us-factory-orders-mm
2026-01-29 21:00,USD,Low,Final Wholesale Inventories m/m,this,https://www.forexfactory.com/calendar/154-us-final-wholesale-inventories-mm
2026-01-29 21:30,USD,Low,Natural Gas Storage,this,https://www.forexfactory.com/calendar/26-us-natural-gas-storage
2026-01-30 05:30,JPY,Medium,Tokyo Core CPI y/y,this,https://www.forexfactory.com/calendar/175-jn-tokyo-core-cpi-yy
2026-01-30 05:30,JPY,Low,Unemployment Rate,this,https://www.forexfactory.com/calendar/63-jn-unemployment-rate
2026-01-30 05:50,JPY,Low,Prelim Industrial Production m/m,this,https://www.forexfactory.com/calendar/225-jn-prelim-industrial-production-mm
2026-01-30 05:50,JPY,Low,Retail Sales y/y,this,https://www.forexfactory.com/calendar/115-jn-retail-sales-yy
2026-01-30 06:30,AUD,Low,PPI q/q,this,https://www.forexfactory.com/calendar/97-au-ppi-qq
2026-01-30 06:30,AUD,Low,Private Sector Credit m/m,this,https://www.forexfactory.com/calendar/344-au-private-sector-credit-mm
2026-01-30 11:00,JPY,Low,Housing Starts y/y,this,https://www.forexfactory.com/calendar/228-jn-housing-starts-yy
2026-01-30 12:30,EUR,Low,French Consumer Spending m/m,this,https://www.forexfactory.com/calendar/357-fr-consumer-spending-mm
2026-01-30 12:30,EUR,Low,French Flash GDP q/q,this,https://www.forexfactory.com/calendar/675-fr-flash-gdp-qq
2026-01-30 13:00,EUR,Low,German Import Prices m/m,this,https://www.forexfactory.com/calendar/257-ge-import-prices-mm
2026-01-30 13:29,EUR,Medium,German Prelim CPI m/m,this,https://www.forexfactory.com/calendar/169-ge-prelim-cpi-mm
2026-01-30 13:45,EUR,Low,French Prelim Private Payrolls q/q,this,https://www.forexfactory.com/calendar/70-fr-prelim-private-payrolls-qq
2026-01-30 14:00,CHF,Low,KOF Economic Barometer,this,https://www.forexfactory.com/calendar/301-sz-kof-economic-barometer
2026-01-30 14:00,EUR,Low,Spanish Flash CPI y/y,this,https://www.forexfactory.com/calendar/592-sp-flash-cpi-yy
2026-01-30 14:00,EUR,Low,Spanish Flash GDP q/q,this,https://www.forexfactory.com/calendar/555-sp-flash-gdp-qq
2026-01-30 14:55,EUR,Low,German Unemployment Change,this,https://www.forexfactory.com/calendar/60-ge-unemployment-change
2026-01-30 15:00,EUR,Medium,German Prelim GDP q/q,this,https://www.forexfactory.com/calendar/38-ge-prelim-gdp-qq
2026-01-30 15:00,EUR,Low,Italian Prelim GDP q/q,this,https://www.forexfactory.com/calendar/40-it-prelim-gdp-qq
2026-01-30 15:30,GBP,Low,M4 Money Supply m/m,this,https://www.forexfactory.com/calendar/348-uk-m4-money-supply-mm
2026-01-30 15:30,GBP,Low,Mortgage Approvals,this,https://www.forexfactory.com/calendar/287-uk-mortgage-approvals
2026-01-30 15:30,GBP,Low,Net Lending to Individuals m/m,this,https://www.forexfactory.com/calendar/343-uk-net-lending-to-individuals-mm
2026-01-30 16:00,EUR,Low,Italian Monthly Unemployment Rate,this,https://www.forexfactory.com/calendar/486-it-monthly-unemployment-rate
2026-01-30 16:00,EUR,Low,Prelim Flash GDP q/q,this,https://www.forexfactory.com/calendar/638-ez-prelim-flash-gdp-qq
2026-01-30 16:00,EUR,Low,Unemployment Rate,this,https://www.forexfactory.com/calendar/59-ez-unemployment-rate
2026-01-30 19:30,CAD,High,GDP m/m,this,https://www.forexfactory.com/calendar/29-ca-gdp-mm
2026-01-30 19:30,USD,High,Core PPI m/m,this,https://www.forexfactory.com/calendar/87-us-core-ppi-mm
2026-01-30 19:30,USD,High,PPI m/m,this,https://www.forexfactory.com/calendar/86-us-ppi-mm
2026-01-30 20:45,USD,Low,Chicago PMI,this,https://www.forexfactory.com/calendar/189-us-chicago-pmi
2026-01-30 23:30,USD,Low,FOMC Member Musalem Speaks,this,https://www.forexfactory.com/calendar/911-us-fomc-member-musalem-speaks
2026-01-31 07:30,CNY,Medium,Manufacturing PMI,this,https://www.forexfactory.com/calendar/449-ch-manufacturing-pmi
2026-01-31 07:30,CNY,Low,Non-Manufacturing PMI,this,https://www.forexfactory.com/calendar/520-ch-non-manufacturing-pmi
